<?xml version="1.0" encoding="UTF-8"?>
<project-private xmlns="http://www.netbeans.org/ns/project-private/1">
    <editor-bookmarks xmlns="http://www.netbeans.org/ns/editor-bookmarks/2" lastBookmarkId="0"/>
    <open-files xmlns="http://www.netbeans.org/ns/projectui-open-files/2">
        <group>
            <file>file:/D:/%23KULIAH/SEMESTER%204/Praktikum%20PBO/Tugas/Kuis_123220125/src/Controller/ControllerAlat.java</file>
            <file>file:/D:/%23KULIAH/SEMESTER%204/Praktikum%20PBO/Tugas/Kuis_123220125/src/View/Alat/InputAlat.java</file>
            <file>file:/D:/%23KULIAH/SEMESTER%204/Praktikum%20PBO/Tugas/Kuis_123220125/src/Connector/Connector.java</file>
            <file>file:/D:/%23KULIAH/SEMESTER%204/Praktikum%20PBO/Tugas/Kuis_123220125/src/View/Alat/EditAlat.java</file>
            <file>file:/D:/%23KULIAH/SEMESTER%204/Praktikum%20PBO/Tugas/Kuis_123220125/src/Model/Alat/ModelAlat.java</file>
            <file>file:/D:/%23KULIAH/SEMESTER%204/Praktikum%20PBO/Tugas/Kuis_123220125/src/Main/main.java</file>
            <file>file:/D:/%23KULIAH/SEMESTER%204/Praktikum%20PBO/Tugas/Kuis_123220125/src/View/Alat/ViewAlat.java</file>
            <file>file:/D:/%23KULIAH/SEMESTER%204/Praktikum%20PBO/Tugas/Kuis_123220125/src/Model/Alat/DAOAlat.java</file>
            <file>file:/D:/%23KULIAH/SEMESTER%204/Praktikum%20PBO/Tugas/Kuis_123220125/src/Model/Alat/ModelTableAlat.java</file>
        </group>
    </open-files>
</project-private>
